Review,Brand,Flavour,Style,Country,Stars
1,New Touch,T's Restaurant Tantanmen ,Cup,Japan,3.75
2,Just Way,Noodles Spicy Hot Sesame Spicy Hot Sesame Guan-miao Noodles,Pack,Taiwan,1
3,Nissin,Cup Noodles Chicken Vegetable,Cup,USA,2.25
4,Wei Lih,GGE Ramen Snack Tomato Flavor,Pack,Taiwan,2.75
5,Ching's Secret,Singapore Curry,Pack,India,3.75
6,Samyang Foods,Kimchi song Song Ramen,Pack,South Korea,4.75
7,Acecook,Spice Deli Tantan Men With Cilantro,Cup,Japan,4
8,Ikeda Shoku,Nabeyaki Kitsune Udon,Tray,Japan,3.75
9,Ripe'n'Dry,Hokkaido Soy Sauce Ramen,Pack,Japan,0.25
10,KOKA,The Original Spicy Stir-Fried Noodles,Pack,Singapore,2.5
11,Tokyo Noodle,Mini Instant Noodle Mild Curry Flavor,Pack,Japan,2
12,GGE,Noodle Snack Wheat Cracks Seaweed Flavor,Pack,Taiwan,3.5
13,Nissin,Cup Noodles Mini Seafood Flavour,Cup,Hong Kong,5
14,Myojo,Udon Japanese Style Noodles With Soup Base Hot & Sour Flavor,Pack,USA,3.75
15,KOKA,Signature Curry Flavor Instant Noodles,Cup,Singapore,3.5
16,Acecook,Dossari Yasai Chanpon,Cup,Japan,4.25
17,Paldo,Volcano Curry Kkokkomyun,Pack,South Korea,3.5
18,Sau Tao,Instant Noodle King Pepper Duck Flavour Soup,Pack,Hong Kong,4
19,Nissin,Cup Noodles XO Sauce Seafood,Cup,China,3.75
20,Myojo,Yomise No Yakisoba Karashi Mentaiko Flavor,Tray,Japan,4.5
21,Super Bihun,Bihun Kuah Rasa Baso Sapi,Pack,Indonesia,3.75
22,Xiuhe,Hot & Sour Beef Noodles,Bowl,China,4.25
23,Nissin,Kitsune Udon Donbei (West),Bowl,Japan,5
24,Little Cook,Thailand Green Curry Instant Noodle,Bowl,Taiwan,5
25,Nissin,Cup Noodles Beef Flavour,Cup,Hong Kong,2.5
26,Shirakiku,Sanukiya Udon Shrimp Flavor,Pack,USA,3.25
27,Mama Pat's,Chicken Fajita Flavor Instant Ramen Noodles,Pack,USA,3.75
28,Ottogi,Ramyun Sabor Pollo,Pack,Mexico,4
29,Nissin,Demae Iccho Black Garlic Oil Tonkotsu Flavour Instant Noodles,Cup,Hong Kong,4
30,Ajinatori,Chicken Flavor Ramen,Pack,Japan,4
31,Maggi,2 Minute Noodles Masala Spicy,Pack,India,5
32,Maruchan,Sopa Maruchan Sobar A Camaron,Pack,Mexico,3
33,Nissin,Yakisoba,Tray,Japan,5
34,Suimin,Noodle With Oriental Chicken Flavour,Cup,Australia,3
35,Nissin,Demae Ramen Spicy Xo Sauce Seafood Flavour Instant Noodle,Pack,Hong Kong,4
36,Cintan,Mi Segera Mmm... Original,Pack,Malaysia,3
37,Nissin,Cup Noodles Spicy Chile Chicken (New Recipe),Cup,USA,4
38,Samyang Foods,Buldak Bokkeummyun Snack,Pack,South Korea,5
39,Samyang Foods,Stew Buldak Bokkeumtangmyun,Pack,South Korea,5
40,Samyang Foods,Cheese Buldak Bokkeummyun,Pack,South Korea,4
41,Samyang Foods,Buldak Bokkeummyun (New Packaging),Pack,South Korea,4
42,Chuan Wei Wang,Bowl Instant Noodles Artificial Spicy Beef Flavor,Bowl,China,4
43,Nissin,Demae Iccho Chicken Flavour Instant Noodle (Bowl Noodle),Bowl,Hong Kong,5
44,Wai Wai,Instant Noodles Artificial Chicken Flavoured,Pack,India,2
45,Daikoku,Kitsune Udon,Cup,Japan,2
46,Sichuan Baijia,Pickled Cabbage Flavor Instant Vermicelli,Bowl,China,4
47,Kamfen,Noodle King Artificial Wonton Soup Flavored,Bowl,Hong Kong,5
48,Nongshim,Spicy Shrimp Cup Noodle,Cup,South Korea,4
49,Marutai,Nagasaki Agodashi Shoyu Ramen,Pack,Japan,4
50,Vifon,Viet Cuisine Bun Rieu Cua Sour Crab Soup Instant Rice Vermicelli,Bowl,Vietnam,5
51,Nissin,"Cup Noodles Rich Garlic, Egg Yolk & Oxtail",Cup,Japan,4
52,Uni-President,Minced Pork Flavor Instant Noodles,Pack,Taiwan,1
53,1 To 3 Noodles,Chatpat Masala,Pack,India,4
54,Nissin,Cup Noodles BIG XO Sauce Seafood Flavour,Cup,Hong Kong,4
55,Fantastic,Noodles Chicken & Corn Flavour,Cup,Australia,3
56,Ripe'n'Dry,Hokkaido Salt Ramen,Pack,Japan,3
57,Nissin,Demae Iccho Tonkotsu Flavour Instant Noodle (Bowl Noodle),Bowl,Hong Kong,3
58,Knorr,Chatt Patta Instant Noodles,Pack,Pakistan,1
59,Sempio,Clam Flavor Soup Kal-guksu,Pack,South Korea,5
60,Nissin,Cup Noodles Sopa Nissin Sabor A Pollo,Cup,Mexico,4
61,Nissin,Maxi Sopa Nissin Cuchareable Sabor A Jugo De Carne,Cup,Mexico,4
62,Nissin,Sopa Nissin Sabor A Camaron Sopa Instantanea Tipo Ramen,Pack,Mexico,4
63,Nissin,Cup Noodles Sopa Nissin Sabor A Carne De Res,Cup,Mexico,4
64,Bamee,Oriental Style Instant Noodles Beef Flavour,Pack,Germany,3.25
65,Mama,Instant Cup Noodles Seafood Pad Kee Mao Flavour,Cup,Thailand,5
66,Ruski,Creamy Tom Yam Instant Noodles,Pack,Thailand,4.5
67,Mama,Oriental Style Instant Noodles Green Curry Flavour Jumbo Pack,Pack,Thailand,5
68,Thai Chef,"Shrimp ""Tom Yum"" Instant Nudelsuppe",Pack,Germany,3.5
69,Nanyang Chef,Penang White curry Noodle With Nanyang Chilli Paste,Pack,Malaysia,4.75
70,Maruchan,Instant Lunch California Vegetable Ramen Noodles With Vegetables,Cup,USA,3.5
71,Wei Lih,Steam Instant Noodles Korean Salt & Rib Soup Flavour,Bowl,Taiwan,2.25
72,Nissin,Cup Noodles Black Pepper Crab Flavour,Cup,Singapore,4
73,Nissin,Premium Instant Noodles Spicy Beef Flavour,Pack,Singapore,3.75
74,Nissin,Cup Noodles Tom Yam Veg Flavour,Cup,Singapore,4
75,Nissin,Premium Instant Noodles Roasted Beef Flavour,Bowl,Singapore,3.75